"nombreVacante","empresa","ubicacion","sueldo","verificada","categoria","subcategoria","educacionMinima","contratacion","horario","espacioDeTrabajo","descripcion"
"Motor de Videojuegos Unity e Unreal Engine- Docente","Universidad del Valle ...","Cuauhtémoc,, CDMX","Sueldo no mostrado por la empresa",true,"Educación","Maestro - Docente - Profesor","Universitario titulado","Temporal","Medio tiempo","Presencial","UVM la universidad privada más grande de México está buscando tu talento.




Esta es tu oportunidad de hacer la diferencia siendo parte de una cultura de diversidad y colaboración buscamos talento para ser docente en Motor de Videojuegos Unity, Unreal Engine.




Zona de trabajo: Campus San Rafael




¿Qué escolaridad necesitas para aplicar a esta vacante?




-Maestría en Ingeniería en Tecnología Interactiva y Animación Digital; Animación Digital; Diseño y Animación Digital, Diseño Gráfico




Certificaciones deseables:




Se valorará contar con certificaciones en alguna de las siguientes herramientas:




Unreal Engine
Unity
Blender




Horario: Disponibilidad de hora Martes y Miércoles de 4 a 10 p.m.




¿Qué experiencia esperamos de ti?




·Experiencia como docente INDISPENSABLE




¿Qué funciones vas a desempeñar con nosotros?




·Acompañamiento académico integral




·Gestionar profesional del proceso enseñanza-aprendizaje




·Gestionar planes personalizados de estudio




·Orientar al estudiante mediante técnicas de estudio




¿Qué te Ofrecemos?




·$ Sueldo Competitivo




·Prestaciones de Ley




·Excelente Ambiente




¿Qué competencias buscamos en ti?




·Creatividad




·Orientación de servicio




·Pasión por la enseñanza




·Empatía




La compañía ofrece un excelente clima laboral en donde estamos tan enfocados en el bienestar de nuestros colaboradores como en el de nuestros estudiantes.




En este centro de trabajo queda prohibida la solicitud de certificados médicos de no embarazo y de VIH como requisito para el ingreso, permanencia o ascenso en el empleo."
"Asesor inmobiliario","UNITY PROPERTY GROUP","Zákia,, El Marqués,, Qro.","Sueldo no mostrado por la empresa",false,"Ventas","Ventas en general","Universitario sin titulo","Permanente","Tiempo completo","Presencial","Lugar de trabajo: Querétaro, Qro.

Tipo de puesto: Comisión 100% (sin sueldo base)

Área: Comercial / Ventas inmobiliarias







¿Tienes experiencia cerrando operaciones de venta o renta de locales comerciales?

¿Eres autónomo, te mantienes firme ante la presión y tienes enfoque claro a resultados?

En Unity Group buscamos asesores con perfil de cierre, visión estratégica y estabilidad emocional para integrarse a un equipo de alto desempeño comercial.







Lo que buscamos en ti:

Experiencia mínima de 2 años en ventas inmobiliarias (deseable en locales comerciales, arrendamientos o inversión)
Capacidad comprobable para cerrar operaciones y manejar objeciones
Excelente presentación, comunicación asertiva y trato profesional con inversionistas
Estabilidad emocional, enfoque positivo, tolerancia a la frustración
Disponibilidad de tiempo para cubrir guardias semanales en punto de venta.
Contar con herramientas propias (auto, celular, laptop)




Actividades:

Promoción de locales en plazas comerciales (venta y renta)
Atención a leads calificados y prospección
Coordinación de visitas y cierres
Seguimiento comercial vía CRM
Acompañamiento al cliente hasta la firma de contrato




Ofrecemos:

Esquema 100% comisionista (sin tope de ingresos)
Comisiones desde el 2% al 4% por operación
Desarrollo activo para venta de locales comerciales en la zona de Zakia.
Soporte legal y comercial
Ambiente profesional, enfocado en resultados reales




Deseable:

Conocimiento de contratos de arrendamiento, compraventa y aspectos legales del sector inmobiliario
Certificaciones en comercialización de bienes inmuebles o cursos en ventas, PNL, neuroventas o similares
Manejo de CRM y plataformas inmobiliarias.




¿Te apasiona vender, sabes cerrar y estás listo para un siguiente nivel en tu carrera comercial?

Postúlate hoy mismo.

Sólo se tomarán en cuenta perfiles con experiencia y enfoque claro a cierre."
"Data engineer","We Make AI","CDMX","$30,000 - $40,000 Mensual",false,"Tecnologías de la Información - Sistemas","Procesamiento de datos","Universitario titulado","Permanente","Tiempo completo","Híbrido","DATA ENGINEER

INFORMACIÓN GENERAL

Puesto: Data Engineer Departamento: Engineering Ubicación: REMOTO Tipo de contrato: Tiempo Completo Nivel: Mid-Senior Level

DESCRIPCIÓN DEL PUESTO

Buscamos un Data Engineer experimentado para unirse a nuestro equipo de Engineering. El candidato ideal será responsable de diseñar, desarrollar y mantener pipelines de datos escalables utilizando tecnologías de vanguardia como Databricks y Snowflake. Trabajará en un entorno 100% remoto, colaborando estrechamente con científicos de datos, analistas y ingenieros de software para crear soluciones de datos robustas y eficientes que impulsen la toma de decisiones basada en datos en toda la organización.

RESPONSABILIDADES PRINCIPALES

Desarrollo de Pipelines de Datos

? Diseñar, desarrollar y mantener pipelines ETL/ELT escalables utilizando Databricks (PySpark, Spark SQL) y Snowflake

? Implementar soluciones de procesamiento de datos a gran escala que sean eficientes y confiables

? Automatizar procesos de ingesta, transformación y carga de datos




Integración de Datos

? Conectar e integrar datos estructurados y no estructurados desde diversas fuentes (APIs, bases de datos, almacenamiento en la nube, etc.)

? Establecer conexiones robustas entre sistemas heterogéneos

? Garantizar la consistencia y calidad de datos durante el proceso de integración




Optimización de Performance

? Optimizar consultas de Snowflake, trabajos de Databricks y performance de Spark para asegurar eficiencia de costos y escalabilidad







? Implementar mejores prácticas para el rendimiento de sistemas de big data

? Monitorear y ajustar configuraciones para maximizar el throughput




Modelado de Datos

? Implementar modelos de datos dimensionales y relacionales para soportar análisis y reportes

? Diseñar esquemas de datos que faciliten el acceso y la comprensión por parte de usuarios finales

? Mantener la integridad referencial y optimizar estructuras de datos




Governance y Cumplimiento

? Asegurar la calidad, integridad, seguridad y cumplimiento de datos con estándares de la industria (GDPR, HIPAA, etc.)

? Implementar controles de acceso y políticas de seguridad de datos

? Establecer procesos de validación y auditoría de datos




Automatización y CI/CD

? Implementar frameworks de orquestación utilizando Airflow, dbt, o herramientas similares para automatizar workflows

? Desarrollar y mantener pipelines de CI/CD para proyectos de ingeniería de datos

? Crear procesos automatizados de testing y deployment




Colaboración Interdisciplinaria

? Trabajar estrechamente con científicos de datos, analistas y ingenieros de software para desarrollar e implementar soluciones basadas en datos

? Traducir requerimientos de negocio en soluciones técnicas eficientes

? Proporcionar soporte técnico especializado a equipos de analytics




Monitoreo y Troubleshooting

? Monitorear pipelines de datos, diagnosticar problemas e implementar soluciones para prevenir fallas

? Establecer sistemas de alertas y métricas de rendimiento

? Realizar análisis de causa raíz y implementar mejoras preventivas




REQUERIMIENTOS TÉCNICOS OBLIGATORIOS

Experiencia Core




? 3+ años de experiencia en ingeniería de datos, desarrollo ETL, o procesamiento de big data

? Experiencia sólida con Databricks (Spark, PySpark, Scala, SQL) para procesamiento de datos a gran escala

? Expertise en Snowflake: data warehousing, SnowSQL, performance tuning y optimización




Lenguajes de Programación

? SQL - Nivel avanzado para transformación de datos y consultas complejas

? Python - Nivel avanzado para automatización y desarrollo de pipelines

? PySpark/Scala - Para procesamiento distribuido en Databricks




Herramientas de Orquestación

? Apache Airflow, dbt, o Prefect - Experiencia práctica en implementación de workflows automatizados

? Conocimiento de mejores prácticas en scheduling y dependency management




Plataformas Cloud

? AWS, Azure, o GCP - Experiencia hands-on con servicios cloud. Preferente GCP

? Almacenamiento cloud (S3, ADLS, GCS) - Manejo de datos en diferentes formatos y estructuras

? Comprensión de arquitecturas cloud-native y serverless




DevOps y Versionado

? Pipelines CI/CD - Experiencia en automatización de deployment

? Git - Control de versiones y colaboración en equipo

? Prácticas DevOps aplicadas a proyectos de ingeniería de datos




Governance y Seguridad

? Data governance - Implementación de políticas y procedimientos

? Mejores prácticas de seguridad y protección de datos sensibles

? Requerimientos de compliance (GDPR, HIPAA, etc.)




CALIFICACIONES PREFERIDAS (NICE TO HAVE)

Tecnologías Avanzadas

? Delta Lake, Unity Catalog, o Iceberg para arquitecturas lakehouse







? Kafka, Kinesis, o Pub/Sub para procesamiento de datos en tiempo real

? Terraform o CloudFormation para infraestructura como código (IaC)




Certificaciones Deseables (no necesariamente)

? Databricks Certified Data Engineer

? SnowPro Core o Advanced de Snowflake

? Certificaciones cloud (AWS Data Engineer, Azure Data Engineer, GCP Professional Data Engineer)




REQUERIMIENTOS ACADÉMICOS

Educación Mínima

? Licenciatura en Ingeniería en Sistemas, Ciencias de la Computación, Ingeniería de Software, Matemáticas, Estadística o carrera técnica afín

? Maestría en Data Science, Data Engineering, Analytics o áreas relacionadas (Deseable)




Experiencia Profesional

? Mínimo 3+ años de experiencia específica en ingeniería de datos o desarrollo ETL

? Experiencia comprobable con Databricks y Snowflake en entornos de producción

? Historial exitoso implementando soluciones de big data a escala empresarial




HABILIDADES Y CUALIDADES ESENCIALES

Habilidades Técnicas Avanzadas

? Optimización de performance: Capacidad demostrada para mejorar eficiencia de sistemas de datos

? Arquitectura de datos: Comprensión profunda de patrones de diseño y mejores prácticas

? Troubleshooting: Habilidades excepcionales para diagnosticar y resolver problemas complejos

? Automatización: Experiencia creando procesos autónomos y confiables




Habilidades Analíticas

? Pensamiento sistemático: Capacidad para diseñar soluciones escalables y mantenibles







? Resolución de problemas: Enfoque metodológico para abordar desafíos técnicos complejos

? Optimización: Mentalidad orientada a la eficiencia y mejora continua

? Atención al detalle: Precisión en el manejo de datos críticos del negocio




Habilidades de Comunicación

? Comunicación técnica: Capacidad para explicar conceptos complejos de manera clara

? Colaboración remota: Experiencia trabajando efectivamente en equipos distribuidos

? Documentación: Habilidades para crear documentación técnica comprensible

? Inglés técnico: Nivel conversacional para colaboración internacional (preferible)




Cualidades Personales

? Autodisciplina: Capacidad para trabajar de manera independiente en entorno remoto

? Proactividad: Iniciativa para identificar y resolver problemas antes de que escalen

? Adaptabilidad: Flexibilidad para trabajar con tecnologías emergentes y cambios de prioridades

? Orientación a la calidad: Compromiso con la excelencia en entregables y procesos

? Aprendizaje continuo: Pasión por mantenerse actualizado con las últimas tecnologías y tendencias

? Mentalidad colaborativa: Habilidad para trabajar efectivamente en equipos multidisciplinarios




COMPETENCIAS

Competencias Técnicas

? Dominio de ecosistemas Databricks y Snowflake

? Experiencia en arquitecturas de datos modernas (Data Lakes, Data Warehouses, Lakehouses)

? Conocimiento profundo de optimización de costos en plataformas cloud

? Comprensión de principios de data governance y compliance




Competencias de Negocio

? Capacidad para traducir requerimientos de negocio en soluciones técnicas

? Comprensión del impacto de las decisiones técnicas en objetivos organizacionales

? Habilidad para priorizar tareas basándose en valor de negocio"
"Reliabilty Engineer","THE BRIDGE TALENTS MEX...","Ciudad Juárez,, Lerdo,, Dgo.","$55,000 - $70,000 Mensual",true,"Ingeniería","Ingeniero","Universitario titulado","Permanente","Tiempo completo","Presencial","Solvay is all about chemistry. We're not just referring to chemical reactions here, but also to the magic that occurs when the brightest minds get to work together. This is where our true strength lies. In you. In your future colleagues and in all your differences. And of course, in your ideas to improve lives while preserving our planet's beauty for the generations to come.

Important note: We offer relocation support to Ciudad Juárez. For more information on our benefits and salary, please refer to the footer of this job description.

About The Role

Our Maintenance team, composed of 22 people, is integrated in the Ciudad Juárez Maintenance department and focuses on providing up-to-standard maintenance to production and associated activities in order to assure the long-term sustainability (availability and reliability of the installation) and efficiency (capacity of utilization, quality and cost of the product) of the process in collaboration with Production team.
As a Reliability Engineer, you will work on developing a formalized reliability program to ensure plant equipment is operating with a high degree of reliability to meet production, quality, and cost goals to support our company's success. You will get the opportunity to contribute to achieving equipment availability goals by analyzing equipment data and implementing measures to eliminate failures and have a positive impact on our process and people.



You will be accountable for:

Drive reliability by identifying, scoping, and executing selected projects and studies, including engineering activities from inception to mechanical completion and project commissioning and maximizing plant OEE.
Develop, maintain, and coordinate management of the Preventive Maintenance and Predictive Maintenance program, including inspection procedures, frequencies, employee training, quality control, deficiency mitigation, auditing, and record management.
Maintain the Mechanical Integrity (MI) program and documentation to ensure compliance with Solvay and regulatory standards.
Analyze and propose solutions to “Bad Actors” for repeat failures, cost, etc.
Work closely with Production, Safety, and Quality personnel to provide technical support and as needed in daily equipment troubleshooting.
We offer a permanent contract (with a 3 month probation period) based on fixed shift and onsite working mode.



About You

Relevant education degree or equivalent in Bachelor's degree in industrial, electrical or mechanical engineering.
Relevant work experience in more than 5 years in chemical industry, Mechanical and electrical knowledge of chemical operation equipment, and Root Cause Analysis methods.



Competencies:

Project management
Leadership and communication skills
English B2



Behaviors:

Prioritize based on impact and value creation
Agility and transparency
Make it happen



About The Pay And Benefits

Attractive and equitable pay for all: compensation is determined within a range to foster your development in the role. While the México base pay reasonably expected for this role expected for this role goes from $55,000 to $70,000 MXN pesos, your salary may ultimately be higher based on your skills and experience. Additionally, we provide a competitive total rewards package that includes a bonus and/or other incentives.
Solvay Cares program: minimum of 16 weeks of parenting leave for all employees and package with healthcare, disability and life insurance coverage.
Prioritization of well-being: Solvay Solidarity Fund to support employees through hardship, work-life balance promotion, flexible approach to work part-time or hybrid work arrangements (depending on the type of job), employee assistance program with access to physical and psychological support.
Professional development: prioritization of internal talents for career progression, access to a training platform, opportunities to join Employee Resource Groups (ERG) for experience sharing and mentorship and free language courses in 24 languages.



About Us

While we have identified potential internal profiles for this role, we are committed to a fair and inclusive selection process. In order to comprehensively evaluate all qualified internal people, we are actively encouraging applications for this position.
Solvay, a pioneering chemical company with a legacy rooted in founder Ernest Solvay's pivotal innovations in the soda ash process, is dedicated to delivering essential solutions globally through its workforce of over 9,000 employees. Since 1863, Solvay harnesses the power of chemistry to create innovative, sustainable solutions that answer the world's most essential needs such as purifying the air we breathe and the water we drink, preserving our food supplies, protecting our health and well-being, creating eco-friendly clothing, making the tires of our cars more sustainable and cleaning and protecting our homes. As a world-leading company with €4.9 billion in net sales in 2023 and listings on Euronext Brussels and Paris (SOLB), its unwavering commitment drives the transition to a carbon-neutral future by 2050, underscoring its dedication to sustainability and a fair and just transition.
At Solvay, we seek to promote unity and not uniformity. We value the diversity that individuals bring and we invite you to consider a future with us, regardless of background, age, gender, national origin, ethnicity, religion, sexual orientation, ability or identity. We encourage individuals who may require any assistance or accommodations to let us know to ensure a seamless application experience. We are here to support you throughout the application journey and want to ensure all candidates are treated equally. If you are unsure whether you meet all the criteria or qualifications listed in the job description, we still encourage you to apply."
"Databricks Developer","La empresa es confidencial o no se encuentra disponible","CDMX","Sueldo no mostrado por la empresa",true,"Tecnologías de la Información - Sistemas","Procesamiento de datos","Técnico","Permanente","Tiempo completo","Híbrido","We're hiring!

At Cognizant we have an ideal opportunity for you to be part of one of the largest companies in the digital sector worldwide. A Great Place To Work where we look for people who contribute new ideas, experiencing a dynamic and growing environment. At Cognizant we promote an inclusive culture, where we value different perspectives providing career growth and development opportunities. #WelcomeToCognizant!

We have an exciting opportunity for an exceptional individual to work supporting one of our client




Responsibilities

Develop and optimize data workflows using Spark in Scala to ensure efficient data processing and analysis.
Implement and manage Databricks Unity Catalog Admin to maintain data governance and security.
Utilize Apache Airflow to orchestrate complex data pipelines and automate workflows.
Integrate and manage data storage solutions using Amazon S3 and Amazon Redshift for scalable data management.
Collaborate with cross-functional teams to design and implement data solutions that meet business requirements.
Write and maintain Python scripts to automate data processing tasks and enhance system functionality.
Leverage Databricks SQL to perform complex queries and data transformations for insightful analytics.
Implement Databricks Delta Lake to ensure data reliability and consistency across various platforms.
Design and execute Databricks Workflows to streamline data operations and improve efficiency.
Utilize PySpark to process large datasets and extract meaningful insights for decision-making.
Ensure data quality and integrity through rigorous testing and validation processes.
Provide technical support and guidance to team members to foster a collaborative work environment.
Contribute to the continuous improvement of data processes and methodologies to enhance overall performance.

Qualifications

Possess strong expertise in Spark in Scala and Databricks Unity Catalog Admin.
Demonstrate proficiency in Apache Airflow and Amazon S3 for data orchestration and storage.
Have experience with Amazon Redshift and Python for data management and automation.
Show capability in using Databricks SQL and Delta Lake for data analysis and reliability.
Exhibit skills in designing Databricks Workflows and utilizing PySpark for data processing




Why Cognizant?

Improve your career in one of the largest and fastest growing IT services providers worldwide

Receive ongoing support and funding with training and development plans

Have a highly competitive benefits and salary package

Get the opportunity to work for leading global companies

We are committed to respecting human rights and build a better future by helping your minds and the environment

We invest in people and their wellbeing.

We create conditions for everyone to thrive. We do not discriminate based on race, religion, color, sex, age, disability, nationality, sexual orientation, gender identity or expression, or for any other reason covered.

At Cognizant we believe than our culture make us stronger!

Join us now!

#BeCognizant #IntuitionEngineered




Igualdad de Empleo y Política de Acción Afirmativa:

Cognizant es un empleador que ofrece igualdad de oportunidades. Todos los solicitantes calificados recibirán consideración para el empleo sin distinción de sexo, identidad de género, orientación sexual, raza, color, religión, origen nacional, discapacidad, estado de veterano protegido, edad o cualquier otra característica protegida por la ley."
"Site Reliability Engineer (DevOps Engineer)","La empresa es confidencial o no se encuentra disponible","Guadalajara [Technology Park],, Zapopan,, Jal.","Sueldo no mostrado por la empresa",true,"Ingeniería","Robótica- Mecatrónica - Nanotecnología","Universitario sin titulo","Permanente","Tiempo completo","Presencial","Site Reliability Engineer (DevOps Engineer)




ABOUT THE ROLE

This is an exciting opportunity to work with R&D teams designing & building software-defined automation solutions for modern factories. Our integrated solution consists of both on-prem infrastructure like full network stack (with switches, routers, firewalling) and Cloud-native software applications running on-prem and in the Cloud to operate and monitor the robotic assembly lines.

DevOps Engineer designs, builds & manages scalable & secure infrastructure, CI/CD pipelines and tools to enable fast-paced development of mission-critical & complex industrial automation applications.

You will work directly with R&D, Software Engineering, and IT teams to build and deploy reliable infrastructure, CI/CD pipelines, and tooling. Our software is designed to be cloud native with the ability to deploy both on-cloud and on-prem infrastructure. Your expertise will be pivotal in developing and operating our stack, which includes:

• AWS and Azure as Cloud providers

• Kubernetes

• GitLab CI/CD and GitOps practices

• On-prem hardware (bare metal hypervisors, network equipment)




WHAT YOU WILL BE DOING

• Implement and manage scalable, reliable, and secure infrastructure for running applications and automation systems.

• Automate infrastructure provisioning, configuration management and deployment processes using tools like Ansible, and Kubernetes.

• Develop and maintain CI/CD pipelines to ensure efficient and continuou.




WHAT WE WANT TO SEE

• B.S. or M.S. degree (or equivalent) in Computer Science, Engineering, Mathematics, or a related field

• 2+ years of experience in DevOps role.

• Proficiency in a variety of modern programming languages (Python, Javascript, C#, Go, etc)

• Networking experience

• Experience with CI/CD tools and GitOps methodologies.

• Experienced writing code in Shell

• Expertise in public cloud platforms such as AWS, Azure or Google Cloud.

• Experience with configuration management tools (Ansible)

• Proficiency in Docker, Kubernetes & containerization tools.

• Experience with observability tools (Prometheus/Grafana).




WHAT WE WOULD LIKE TO SEE

• Experience with on-prem hardware provisioning

• Experience with MLOps and DevSecOps

• Experience supporting a developer base on MacOS and Windows, in addition to Linux




WHO YOU ARE

• You are customer obsessed

• You drive for results, and act like an owner

• You believe in the power of a team, diversity of thought, and unity of action

• You always act with integrity, keep your commitments, and practice transparency

• You think boldly, lead with courage, and demand the highest standards




*Posiciòn en sitio, Technology Park, Carretera a Nogales

Se busca nivel Sr. (5 años de experiencia) y Middle (2 años de experiencia)

Giro:

Automatizacion y control.

Experiencia en PLC, Robots, y sistemas de inspección.

Habilidades en al menos dos lenguajes de programación como: texto estructurado, y c#.

Bases en el área automotriz.

Experiencia en pruebas con el cliente tales como FAT & SAT

Ingles necesario conversacional

Disponibilidad para viajar."
"Desarrollador Unity","Asesores y Consultores...","Culiacán,, Sin.","$20,000 - $25,000 Mensual",true,"Tecnologías de la Información - Sistemas","Desarrollo web","Universitario titulado","Permanente","Tiempo completo","Presencial","Empresa importante en giro de la Tecnología solicita:




Desarrollador Unity




Objetivo del puesto:

El Desarrollador Unity será responsable del diseño, implementación, optimización y mantenimiento de sistemas dentro de entornos de Unity, específicamente en la creación de soluciones para aplicaciones y sistemas interactivos.




Requisitos

Escolaridad: Ingeniería en Sistemas, ciencias de la computación o campos a fines.
Facilidad de traslado a zona: Loma linda, Culiacán. Sinaloa




Experiencia (deseable)

Experiencia en el desarrollo de sistemas dentro de Unity
Experiencia en desarrollo de aplicaciones interactivas, juegos o sistemas web
Experiencia en Unity web GL




Actividades

Diseñar, implementar y mantener sistemas escalables y eficientes dentro de unity
Proponer nuevas tecnologías, metodologías y procesos que mejoren la calidad del desarrollo.
Optimizar el rendimiento de los sistemas asegurando la mayor eficiencia en cuanto a recursos.




Habilidades/ Aptitudes

Analítico
Proactivo y buena actitud.
Trabajo en equipo
Comunicación asertiva
Capacidad para trabajar bajo presión




Conocimientos (Deseables)




Dominio avanzado de Unity3D, C# y el uso de sus herramientas y bibliotecas.
Conocimiento profundo de la arquitectura de software y patrones de diseño aplicados a juegos y sistemas.
Conocimiento en el manejo de API RESTful




Ofrecemos

Contrato directo con la empresa
Prestaciones superiores a la ley
Horario L-V de 8:30 am a 6:30 pm
Oportunidad de crecimiento y capacitación constante




¡Forma parte de este gran equipo de trabajo!"
"Asesor de arrendamiento","UNITY PROPERTY GROUP","Zákia,, El Marqués,, Qro.","Sueldo no mostrado por la empresa",false,"Ventas","Asesoría comercial","Universitario sin titulo","Permanente","Tiempo completo","Desde casa","En Unity Group estamos en búsqueda de un(a) Asesor(a) de Rentas Comerciales con experiencia, excelente actitud, facilidad de palabra y habilidades de negociación. Serás responsable de promover, negociar y cerrar arrendamientos de espacios dentro de nuestra plaza comercial ubicada en una de las zonas de gran crecimiento en la ciudad: Zakia.







REQUISITOS

Experiencia mínima de 1 año en: renta de espacios comerciales, retail o inmobiliario corporativo.
Prospección directa a marcas, áreas de expansión y tomadores de decisión.
Negociación de condiciones comerciales y seguimiento de leads.
Conocimiento medio en contratos de arrendamiento comercial.
Habilidad para comunicarse con claridad, empatía y profesionalismo.
Excelente presentación.
Alto nivel de compromiso, autogestión y seguimiento puntual.
Capacidad de trabajar bajo presión manteniendo la neutralidad y el enfoque.
Disponibilidad de tiempo para realizar recorridos con clientes potenciales a la plaza ubicada en Zakia-Zizana

PRINCIPALES FUNCIONES

Prospección y contacto directo con marcas locales y nacionales.
Presentación de espacios disponibles para renta en plazas comerciales.
Atención a leads asignados por la empresa.
Seguimiento efectivo a leads desde el primer contacto hasta el cierre.
Negociación de términos y condiciones de arrendamiento.
Coordinación con área legal y administrativa para cierre de contratos.
Visitas a inmuebles y atención personalizada a clientes.

OFRECEMOS

Esquema de comisiones por contrato de arrendamiento efectivamente cerrado.
Trabajo remoto: trabaja desde dónde quieras
Excelente ambiente de trabajo.
Leads de la empresa para sumar a tu prospección.
Oportunidad de desarrollo en empresa en expansión.
Trabajo dinámico y retador.



?? ¿Listo(a) para llevar marcas al lugar correcto y crecer con nosotros?

Postúlate por este medio."
"Ingeniero de Mejora de procesos VR (Realidad Virtual)","Psicofarma","Toluca,, Edo. Méx.​","Sueldo no mostrado por la empresa",true,"Tecnologías de la Información - Sistemas","Desarrollo de software - Programador","Universitario titulado","Permanente","Tiempo completo","Presencial","En Psicofarma, laboratorio mexicano líder en la industria farmacéutica, seguimos innovando y buscamos talento con visión tecnológica para transformar nuestros procesos.




Súmate como: Ingeniero de Mejora de Procesos – Enfoque en Realidad Virtual (VR)




Ubicación: Toluca

Modalidad: Presencial

Horario: Tiempo completo




Responsabilidades:?

• Desarrollar e implementar soluciones de mejora continua utilizando tecnologías de realidad virtual (VR)

• Diseñar simulaciones virtuales orientadas a capacitación, optimización de procesos y seguridad operativa

• Colaborar con áreas de Producción, Calidad e Ingeniería para aplicar VR en proyectos clave

• Evaluar procesos operativos y proponer mejoras apoyadas en modelación visual e inmersiva

• Apoyar en análisis de datos, documentación técnica y seguimiento a indicadores de eficiencia

• Estar al tanto de nuevas herramientas VR y proponer su integración en operaciones o entrenamiento




Requisitos:




• Ingeniería Industrial, Mecatrónica, de Procesos, Sistemas o carrera afín

• Experiencia comprobable en uso de realidad virtual aplicada a entornos industriales

• Conocimientos en software de modelado o simulación (Unity, Unreal Engine, Blender, etc.)

• Familiaridad con herramientas de mejora de procesos (Lean, Six Sigma, Kaizen)

• Enfoque creativo, capacidad de análisis y comunicación técnica efectiva

• Deseable experiencia en industria farmacéutica o altamente regulada




Prestaciones y beneficios adicionales:

• Contratación directa

• Prestaciones superiores a la ley

• Vales de despensa

• Fondo de ahorro

• Comedor subsidiado

• Estacionamiento

• Participación en proyectos de innovación tecnológica con impacto real"
"Storage Specialist // Inglés Conversacional","La empresa es confidencial o no se encuentra disponible","Querétaro,, Qro.","Sueldo no mostrado por la empresa",true,"Tecnologías de la Información - Sistemas","Infraestructura","Universitario sin titulo","Permanente","Tiempo completo","Híbrido","Tenemos una posición como Storage Specialist para Queretaro / hibrido / Inglés Fluido.




*Si perteneces a otro Estado de la república damos apoyo de reubicación.




Inglés Fluido

Experiencia de por lo menos 5 años trabajando en soluciones de almacenamiento: Dell, Netapp, IBM, Hitachi, HP, Pure Storage.

• Conocimiento en tecnologias cloud storage

• Experiencia en sistemas operativos Windows y Linux en entornos de almacenamiento.

• Experiencia en tecnologias de virtualizacion VMware.

• Capacidad para optimizar rendimiento y disponibilidad de datos

• Skills:

Dell: Unity, Data domain, PowerMax, Power Store, ECS.

Pure Storage

IBM: ESS ""GPFS"", Flash Systems, SVC, Storage Control.

Hitachi: HNAS, VSP, HCP, Ops Center

Broadcom: Swiches SAN

CISCO: Switches SAN

Netapp: OTS y Appliance

Scality S3

Oracle: ZFS




Prestaciones superiores

Contrato Directo

Cursos certificados"
"Ingeniero en Automatización PLC","Vidmar Ingenieria SA d...","Apodaca,, N.L.","$28,000 - $32,000 Mensual",true,"Ingeniería","Automatización","Universitario titulado","Permanente","Tiempo completo","Presencial","Requisitos:

·Escolaridad: Ing. Mecatrónica, automatización, Electrónico, Robótica, Sistemas o Afines.

·Experiencia: 3 años en puestos similares comprobables enfocada a proyectos y modernizaciones

·Con estabilidad laboral

·Licencia de manejo vigente

·Disponibilidad para viajar

·Inglés técnico




Conocimientos:

EN BÁSCULAS

DOSIFICADORAS, CAMIONERAS Y FERROVIARIAS

·Microsoft Office, Software UNITY, CITECT

·Programación de PLC (Schneider, siemens, ABB, rodKwell)

·Programación de sistemas SCADA y HDI.

·Programación de drives

·Redes industriales de comunicación




Funciones:

·Protocolos de Comunicaciones Industriales

·Programación y diseño de sistemas SCADA

Básico

·Diseño redes

básico industrial

·Manejo de base de datos en SQL

·Calibración de instrumentos y basculas

·Programar HMI´S

·Puesta en marcha de instalaciones

·Programación de sistemas DCS







Ofrecemos:

· Sueldo $28,000 A $32,000 BRUTOS MENSUALES

· Prestaciones de ley y permisos con goce de sueldo

· Vales de despensa

· Horario de lunes a viernes

· Empleo estable y buen ambiente de trabajo"
"Ejecutivo Gobierno de Datos","La empresa es confidencial o no se encuentra disponible","Santa Fe Cuajimalpa,, Cuajimalpa de Morelos,, CDMX","Sueldo no mostrado por la empresa",true,"Tecnologías de la Información - Sistemas","Big data","Universitario titulado","Permanente","Tiempo completo","Híbrido","Descripción del Puesto:

Nos encontramos en la búsqueda de un Ejecutivo de Gobierno de Datos para garantizar la calidad, seguridad e integridad de los datos en Finanzas y Procurement. Colaborará con equipos de seguridad y análisis de datos, utilizando herramientas especializadas como Cloud Data Governance de Informatica y Unity Catalog, asegurando el cumplimiento de los estándares corporativos y regulatorios.




Responsabilidades:







Gobernanza de datos en Finanzas y Procurement.
Uso y gestión de herramientas de gobierno de datos, como Cloud Data Governance de Informatica y Unity Catalog.
Gestión de activos técnicos en S4H, SAP ECC y Datalakes de la compañía.
Soporte en la migración de datos.
Coordinación con equipos de seguridad y datos para garantizar la integridad de la información.
Participación en foros de negocio, comunicando información técnica a públicos no especializados.
Exposición y presentación de temas relacionados con la gestión de datos.







Skills Fundamentales:







Formación en Actuaría, Matemáticas, Ciencias de Datos o afines, con enfoque en analítica y gestión de datos.
Experiencia en gobierno de datos y gestión de herramientas como Cloud Data Governance de Informatica, Unity Catalog, Alation, BigID y Purview.
Dominio de SQL (requisito indispensable).
Experiencia en Integración de Datos (SQL, Databricks, Data Factory).
Conocimientos en el marco de referencia DAMA - Data Management.
Capacidad para comunicarse de manera efectiva en entornos de negocio y exponer temas técnicos a públicos no especializados.
Inglés nivel B2."
"Public Relations Specialist","Human Quality","Monterrey,, N.L.","Sueldo no mostrado por la empresa",true,"Mercadotecnia - Publicidad - Relaciones Públicas","Relaciones públicas","Universitario titulado","Permanente","Tiempo completo","Presencial","About Human Quality:

With over 29 years in the market, Human Quality is a leading company in the specialized services sector, offering recruitment, payrolling, headhunting, and a wide range of human resources solutions.

We stand out for our core values: love, a solution-oriented mindset, unity, transparency and human connection.




Location: Monterrey, Nuevo León. (Non-negotiable)




Rol mission:

Create a strategy to make the company the go-to expert in human capital. This involves working with the media and actively participating in industry events, associations, key organizations, business chambers and others.




Position Requirements:

Bachelor's degree in Communications, Public Relations, Marketing or a related field.
Solid experience in corporate public relations, business chamber engagement and/or collaboration with organizations focused on business development.
Previous participation in new business development.
Experience representing companies before government authorities, business chambers, and public forums.
Availability to attend in-person external events and travel as needed.
Advanced English is a must.




Key Responsibilities:

Designs and implements external communication plans to enhance the visibility of the services offered by Human Quality's various business units, positioning the company as an industry leader and a strategic partner for clients in human capital matters.
Builds and strengthens relationships with key stakeholders and influential figures within the target sectors of our business.
Serves as the main liaison with media outlets, business chambers, and government entities, acting as the spokesperson on matters related to the organization.
Prepares internal leaders and executives for interviews, speaking engagements and public events, ensuring that key messages and speeches consistently reflect the brand's identity and promise."
"Databricks Engineer","PRESERVE SYSTEMS SC","CDMX","$85,000 - $100,000 Mensual",true,"Tecnologías de la Información - Sistemas","Desarrollo de software - Programador","Universitario sin titulo","Permanente","Tiempo completo","Desde casa","¡Te estamos buscando!

Somos una empresa dedicada al desarrollo especializado de software y reclutamiento.




Vacante nivel Medio (2 a 3 años de experiencia en Databricks). Sueldo: $45,000 a $67,000 brutos
Vacante nivel Sr (+4 años de experiencia en Databricks). Sueldo: $70,000 a $100,000 brutos
100% HO

?

Databricks Developer

Experiencia en Spark en Scala
Administración de Unity Catalog en Databricks
Databricks SQL y Delta Lake
Apache Airflow
Amazon S3 / Amazon Redshift
Python
Inglés conversacional

?

Datos generales

Esquema 100% Nomina
Contrato indefinido




Prestaciones

Bono anual por desempeño
24 días de aguinaldo
50% prima vacacional
Vacaciones conforme a la ley
Seguro de gastos médicos mayores
Seguro dental y óptico
Seguro de vida
Vales de despensa
Apoyo psicológico, asesoría financiera y legal
Certificaciones y cursos en línea

¡Postúlate ahora!"
"Ingeniero de datos","La empresa es confidencial o no se encuentra disponible","Monterrey,, N.L.","Sueldo no mostrado por la empresa",true,"Tecnologías de la Información - Sistemas","Base de datos","Universitario titulado","Permanente","Tiempo completo","Desde casa","Responsabilidades

Experiencia trabajando con Databricks usando Unity Catalog

? Diseñar e implementar pipelines de ingesta y transformación de datos utilizando Databricks

(PySpark/SQL) y Delta Lake.

? Integrar fuentes estructuradas y no estructuradas, archivos planos, bases de datos y

conectores nativos.

? Participar en el diseño y evolución de una arquitectura Lakehouse siguiendo el enfoque de

capas Bronze, Silver y Gold.

? Asegurar el cumplimiento de buenas prácticas de calidad de datos, trazabilidad,

versionamiento y gobierno.

? Implementar mecanismos de control de cambios y despliegue automatizado (CI/CD).

? Monitorear y optimizar el rendimiento de los pipelines en ambientes de QA y producción.

? Documentar soluciones técnicas y brindar soporte técnico a usuarios de negocio e ingeniería.




Requisitos Técnicos

? 4+ años de experiencia en ingeniería de datos o roles similares.

? Experiencia comprobada en desarrollo sobre Azure Databricks y uso de Delta Lake.

? Conocimiento profundo en arquitecturas Lakehouse y modelo de medallón.

? Dominio en PySpark, SQL distribuido y procesamiento de grandes volúmenes de datos.

? Experiencia en integración de datos mediante APIs REST, autenticación OAuth 2.0 y manejo de

formatos JSON/XML.

? Experiencia práctica en el uso de Unity Catalog para el control de acceso y la gobernanza de

datos en Databricks.

? Conocimientos sólidos en control de versiones con Git y flujos de trabajo de DevOps (CI/CD).

? Experiencia trabajando bajo metodologías ágiles y colaborativas."
"Category Mgr, Indirect Procurement","MSC INDUSTRIAL SUPPLY","Qro.","Sueldo no mostrado por la empresa",true,"Administrativo","Compras","Universitario titulado","Permanente","Tiempo completo","Presencial","JOB DESCRIPTION

BRIEF POSITION SUMMARY:

The Indirect Procurement Category manager plays a critical role in managing and optimizing the company's

purchasing processes, ensuring cost-effective procurement of goods and services, and maintaining high

standards of quality. Will be responsible for managing procurement and sourcing strategies for indirect spend

categories, such as office supplies, IT services, HR, travel, and professional services. Their role involves

optimizing costs, negotiating contracts, and ensuring supplier performance aligns with business needs.

DUTIES AND RESPONSIBILITIES

• Develop and implement procurement strategies for assigned indirect spend categories by analyzing

historical purchasing data, market trends, and supplier performance.

• Identify cost-saving opportunities through supplier consolidation, negotiation, and efficient sourcing.

• Lead contract negotiations, ensuring favorable terms, compliance, and risk mitigation.

• Utilize advanced analytics tools (e.g., Excel, ERP software, or procurement platforms) to analyze

purchasing patterns, demand forecasts, inventory levels, and budget constraints. Present data insights

to senior management to influence purchasing strategies and budget allocation.

• Monitor spending trends, identify areas for cost reduction, and implement strategies to reduce

procurement costs. Work closely with finance and department heads to track and stay within budgetary

guidelines.

• Continuously evaluate and improve purchasing processes and workflows using data-driven insights.

Implement best practices to enhance efficiency, reduce lead times, and streamline vendor selection

and onboarding.

• Continuously evaluate and improve purchasing processes and workflows using data-driven insights.

Implement best practices to enhance efficiency, reduce lead times, and streamline vendor selection

and onboarding.

• Conduct market research to identify new suppliers and best practices.

• Collaborate with internal stakeholders to understand business needs and align procurement strategies.

• Build and maintain strong relationships with suppliers and vendors ensuring high performance and

continuous improvement..

• Conduct in-depth market analysis to assess potential suppliers, negotiate contracts, and secure

favorable terms while ensuring product quality and delivery timelines.

• Manage supplier relationships,

• Monitor procurement activities, providing reports on savings, vendor performance, and risks.

• Fosters the MSC Culture in the department and throughout the company to ensure fulfillment of MSC's

vision and unity of purpose.

• Participation in special projects and performs additional duties as required

JD Template Revision Date 5/2/2024

QUALIFICATIONS

What You Need:

• Bachelor's degree in business, supply chain management, or a related field required.

• Minimum of five years in procurement, sourcing, or category management.

• Strong verbal and written communication skills in both English and Spanish required

• Strong understanding of procurement best practices and cost optimization strategies.

• Ability to analyze data and generate actionable insights.

• Excellent stakeholder management and cross-functional teamwork with departments like HR, IT, and finance.

• Strong negotiation skills for cost efficiencies and expertise in supplier management and contract administration."
"Spec, Supply Chain Business Process","MSC INDUSTRIAL SUPPLY","Qro.","Sueldo no mostrado por la empresa",true,"Logística - Transporte - Distribución - Almacén","Abastecimiento","Universitario sin titulo","Permanente","Tiempo completo","Presencial","JOB DESCRIPTION

BRIEF POSITION SUMMARY:

The Supply Chain Business Process Specialist is a highly analytical and solutions-driven role. You will be responsible for identifying inefficiencies, analyzing root causes of supply chain challenges, and developing strategic solutions to optimize business operations. You will work closely with cross-functional teams to drive continuous improvements in processes, performance, and cost efficiency.

DUTIES AND RESPONSIBILITIES

• Conduct in-depth root cause analysis to identify supply chain disruptions, inefficiencies, and process bottlenecks.

• Develop and implement data-driven business solutions to enhance supply chain performance and reduce operational costs.

• Collaborate with procurement, logistics, operations, and finance teams to streamline processes and drive efficiency.

• Work cross functionally to implement solutions

• Utilize statistical analysis, predictive modeling, and advanced analytics to uncover trends and improvement opportunities.

• Monitor key supply chain metrics and report insights to stakeholders.

• Lead and support business initiatives focused on sustainability, cost reduction, and service-level improvements.

• Stay updated on industry best practices, emerging technologies, and supply chain innovations.

• Prepare detailed reports and presentations to communicate findings and recommendations.

• Track financial and operational improvements to ensure change endures

• Use change management process to implement adjustments

• Fosters the MSC Culture in the department and throughout the company to ensure fulfillment of MSC's vision and unity of purpose.

• Participation in special projects and performs additional duties as required

QUALIFICATIONS

What You Need:

• Bachelor's degree in supply chain management, Business Analytics, Operations Research, or a related field.

JD Template Revision Date 5/2/2024

• Five years of experience in supply chain analytics, process optimization, or business consulting.

• Strong proficiency in data analysis tools (Excel, SQL, Tableau, Power BI, etc.).

• Expertise in problem-solving methodologies such as Six Sigma, Lean, or DMAIC.

• Excellent communication and stakeholder management skills.

• Ability to work in a dynamic, fast-paced environment and lead change initiatives."
"Docente en Diseño, Animación y Arte Digital - Diseño de Modas - Diseño Industrial / UNITEC","Universidad Tecnológic...","Atizapán de Zaragoza,, Edo. Méx.​","Sueldo no mostrado por la empresa",true,"Educación","Maestro - Docente - Profesor","Universitario titulado","Temporal","Medio tiempo","Presencial","Acerca de la empresa




La Universidad Tecnológica de México es una institución reconocida por su excelencia académica y su compromiso con la formación integral de sus estudiantes. En un entorno dinámico y colaborativo, priorizamos el crecimiento profesional y personal de nuestros colaboradores, brindando oportunidades únicas para el desarrollo académico y profesional.

Ubicación: Atizapán de Zaragoza, Estado de México.




Objetivo: Impartir clases a nivel Licenciatura contribuyendo al proceso de enseñanza, a fin de elevar la calidad educativa del alumnado, con apego a los programas académicos, la misión institucional, y una excelencia académica.




REQUISITOS:




Experiencia: mínima 5 años en campo laboral y 2 en docencia a nivel Licenciatura, grupos grandes de 60.
Horario abierto entre lunes a viernes de 7:00 am a 4:00 pm.
Habilidades: Comunicación, plataformas Digitales para la educación, creativo, manejo de diferentes herramientas didácticas, para la proyección del proceso de enseñanza-aprendizaje.







VACANTES DISPONIBLES:




LICENCIATURA EN DISEÑO DE MODAS




Indispensable contar con título y cédula.




Materias Para Impartir:




DISEÑO DE LENCERÍA Y TRAJES DE BAÑO
DISEÑO DE PRENDAS A PUNTO




Conocimientos en: técnicas, elaboración de patrones para lenceria y trajes de baño / técnicas y tipos de tejido, selección de materiales de prendas de vestir.




LICENCIATURA EN DISEÑO, ANIMACIÓN Y ARTE DIGITAL




?Indispensable contar con título y cédula.




Materia Para Impartir:




DISEÑO Y VIDEOJUEGOS




Conocimientos en: Conocimientos en Unity / Diseño de maquetación de niveles /




LICENCIATURA EN DISEÑO INDUSTRIAL




Indispensable contar con título y cédula.




Materia Para Impartir:




DISEÑO DE OBJETOS ESPECIALIZADOS
BOCETAJE




Conocimientos en: Metodología de diseños digitales especializados / Necesidades especializadas / Dibujo y Técnicas / Diseño de Interiores / Diseño de Videojuegos / Sensibilidad Ergonómica







PRESTACIONES Y BENEFICIOS ADICIONALES




Descuentos empresariales.
Horarios flexibles que se adaptan a tu calidad de vida.
Plan de desarrollo que te permitirá construir una trayectoria docente.
Capacitación docente continua, para que puedas mejorar la efectividad de tu enseñanza dentro de la clase.
Como docente UNITEC puedes obtener beca para ti, tus hijos/as y también para tu cónyuge. *aplican condiciones.
Pago de utilidades.
Prestaciones de ley (seguridad social, aguinaldo, vacaciones, etc.)
Pagos quincenales.
Contratación por nómina.
Pago por hora laborada




En este centro de trabajo queda prohibida la solicitud de certificados médicos de no embarazo y de VIH como requisito para el ingreso, permanencia o ascenso en el empleo*"
"Automation Project Manager","La empresa es confidencial o no se encuentra disponible","N.L.","Sueldo no mostrado por la empresa",true,"Ingeniería","Automatización","Universitario titulado","Permanente","Tiempo completo","Presencial","EMPRESA ESPECIALIZADA EN LA INDUSTRIA DE AUTOMATIZACIÓN

***SOLO SE CONSIDERA PERSONAL QUE REUNA REQUISITOS***




Requisitos:

·Escolaridad: Ing. Automatización, Ing. Mecatrónica, Ing. Electrónico, Ing. Robótica o carreras afines, deseable maestría.

·Experiencia: 5 años mínimo en puestos similares comprobables de manera estable

·Inglés: Intermedio

·Indispensable: Disponibilidad para viajar, visa y pasaporte

·Disponibilidad para puestas en marcha (Trabajo en sitio).

·Conocimiento técnico y experiencia con equipos mecatrónicos, instrumentación, sensores y actuadores, supervisión de personal




Funciones:

·Diseño de redes de comunicación y control (arquitectura de control)

·Diseño de sistemas de control de PLC/SCADA (Diagramas de flujo, Diagramas de proceso, Listado de señales, selección de hardware).

·Programación PLC mediante lenguajes Escalera, diagramas de bloques, estructurado, grafset. Modelos de PLC Contrologix, Compactlogis, Seguridad, Controlexpert, Unity.

·Programación SCADA (Allen Bradley, Siemens, Schneider).

·Programación de HMI.

·Conocimientos en redes ethernet.

·Interpretación de diagramas eléctricos en AUTOCAD.

·Instalaciones de software.

·Conocimientos eléctricos.

·Coordinación de personal a su cargo.

·Elaboración de presupuestos.

·Dar soporte al personal a su cargo.

·Atención del Clientes, usuarios

·Asegurar que todas las actividades se realicen con el debido respeto a las normas de salud y seguridad aplicables a la actividad, además de la entrega de proyecto en tiempo y forma




Ofrecemos:

·Sueldo NEGOCIABLE de acuerdo a experiencia y aptitudes

·prestaciones de ley y superiores

·Horario de lunes a viernes"
"Ing. deDatos TI en Monterrey","GTIM SOFTWARE PROJECTS...","Monterrey,, N.L.","$35,000 - $40,000 Mensual",false,"Tecnologías de la Información - Sistemas","Informática","Universitario sin titulo","Permanente","Tiempo completo","Híbrido","En Grupo TI buscamos un Ing. de DatoS TI con las siguientes características:




Requerimiento:

-Al menos 2 años de experiencia trabajando con:

Databricks (Spark, DeltaLake, Workflows)
Dominio de Python, SQL y ETL/ELT
Experiencia en cloud (Azure)
Conocimiento de pipelines y manejo de clusteres Spark
Experiencia con Unity Catalog (deseable)







Proyecto híbrido en Monterrey, NL"
"Specialist Category Operations and Cost Management","MSC INDUSTRIAL SUPPLY","Qro.","Sueldo no mostrado por la empresa",true,"Manufactura - Producción - Operación","Operaciones","Universitario sin titulo","Permanente","Tiempo completo","Presencial","BRIEF POSITION SUMMARY:

The Category Operations Specialist, Cost Management COE (Center of Excellence) is responsible for execution and continuous improvement of cost-related processes. The Specialist will ensure data is consistent and accurate, provide timely responses to information or service requests, and execute processes and programs. The Specialist will work within the Operations COE team and cross-functionally with internal customers.




DUTIES AND RESPONSIBILITIES

• Follows the cost management process that begins with a cost change notification from a supplier, while maintaining a continual improvement mindset.

• Follow processes to estimate impact on the business, work with the supplier to confirm the change and address any anomalies, share and receive approval from Category Strategy and enter changes into the system. Some level of negotiations may be needed.

o Interprets and provides analytical details of cost change to support business decisions

o Uses internal reporting to conduct regular meetings with Category Strategy to review open tasks

• Manages costing errors while identifying themes and reducing the number of discrepancies. Performs due diligence to understand root causes of errors on PO or invoices from a supplier, updates information appropriately and resolves supplier disputes regarding cost.

o Works cross-functionally with Supply Chain, suppliers, Accounts Payable, sales associates and Category Strategy to resolve issues and inform on resolutions

• Assist with training new associates in cost management processes whether within Category Operations or Category Strategy.

• Analyze cost / sell price relationships related to cost maintenance and work with Strategic Pricing to update sell prices.

• Identifies improvement opportunities along with proposed solutions for key processes.

• Performs consistent and accurate data input and assessment.

• Fosters the MSC Culture in the department and throughout the company to ensure fulfillment of MSC's vision and unity of purpose.

• Participation in special projects and performs additional duties as required




QUALIFICATIONS

What You Need:

• Bachelors' Degree required

• Two to four years of experience in supply chain, distribution, or finance/analytics required.

• MS Office Suite proficiency required; MS Excel Intermediate skill level or above required.

• Knowledge of Business acumen, key financial metrics and basic business concepts

• Ability to multi-task, prioritize and manage time effectively

• Highly organized and works with a sense of urgency

• Agile learner who can think on their feet and be flexible

• Attention to detail

• Excellent written and verbal communication skills

• Ability to quickly learn new systems and processes

• Self-starter able to work autonomously

• Customer service focused

• Proactive thinker with strong problem-solving and analytical skills

• Ability to collaborate and work cross-functionally with different teams and personalities

• Able to build sustainable relationships of trust through open and interactive communication




Bonus Points If You Have:

• Degree area of study in Business, Marketing, Supply Chain, or equivalent area of study preferred.

• AS400 and SharePoint experience preferred."
"Sr. Market Pricing Analyst","MSC INDUSTRIAL SUPPLY","Qro.","Sueldo no mostrado por la empresa",true,"Contabilidad - Finanzas","Análisis financiero - Pronóstico","Universitario sin titulo","Permanente","Tiempo completo","Presencial","BRIEF POSITION SUMMARY:

The Senior Marketing Pricing Analyst, under limited supervision, is responsible for the effective maintenance of MSC's credible ranges which includes proactively analyzing and making recommendations to optimize sales and profitability, while considering competitive market dynamics, category role, costs and other levers. This role will use various enterprise software and tools to collect, analyze and evaluate data supporting the effective management of credible ranges. In addition, this role is responsible for running analysis to determine ideal price points, optimizing revenue and profitability for new and existing products. This position supports key processes and methods to evaluate and recommend credible range in the establishment of price.




DUTIES AND RESPONSIBILITIES

• Partners with third parties to effectively source and maintain web scrapings.

• Maintains Business Unit approved optimal competitors to scrape by category to support credible range calculations.

• Maintains premium or discount applied to competition by category to support credible range calculations.

• Ensures unit of measures mapped correctly.

• Highlights any exclusive brand only taxonomies so that the Business Units can provide exclusive brand crosses to competition.

• Compiles and maintains Good/Better/Best, Industry brand to exclusive brand, Brand, UOM relationships, Size Factors & Anchor SKU from Business Unit/Category teams including coordinating with marketing/digital to support data being available for downstream processes.

• Compiles manufacturer list prices maintained by the Cost Management Team.

• Compiles, validates, obtains approval, and incorporates new logic to derive “Market-Derived Credible Prices”.

• Calculates and publishes credible MSC price range for all active items monthly.

• Helps drive the credible range pricing process and analytics to optimize MSC visible market prices.

• Partners with Precision, Pricing team, IT and pricing application provider in design and implementation of systems and reporting improvements for measuring and monitoring credible range prices

• Serve as a trusted adviser to the category teams on credible range process to support profitable sales growth.

• Build strong cross functional working relationships inclusive of marketing, finance, and business

• intelligence, IT, sales operations, category management, and field sales for all customer segments.

• Understands and interprets organization goals and initiatives so that priorities are balanced, and timelines established in a cost-effective manner.

Fosters the MSC Culture in the department and throughout the company to ensure fulfillment of MSC's vision and unity of purpose.

• Participation in special projects and performs additional duties as required




QUALIFICATIONS

What You Need:

• A bachelor's degree in business, finance or equivalent experience is required

• Minimum of eight years' professional experience with at least five years' experience in an analytical role with one or more of the following disciplines: financial analysis, business strategies, pricing or sales required

• Expertise in retrieving data from systems, such as business intelligence tools

• Hands-on expertise of large-data analytics tools, such as Alteryx and Tableau, and/or specific pricing applications such as PROS, Vendavo, Zilliant, R Studio or others

• Experience working with distribution, manufacturing or related industrial markets

• Excellent PC skills (MS Office Excel, Powerpoint, Word, Access) required

• Excellent analytical, quantitative and data visualization skills are required

• Financial analytics with a deep understanding of revenue, margin and pricing

• Excellent oral and written communication skills are required

• Ability to communicate effectively with all levels of associates within the organization required"
"SOPORTE TÉCNICO NIVEL 2","Focus on Services S.A....","Ciudad Judicial Federal,, Zapopan,, Jal.","$20,000 - $25,000 Mensual",true,"Tecnologías de la Información - Sistemas","Infraestructura","Universitario sin titulo","Temporal","Tiempo completo","Presencial","Focus On Services SA de CV




Focus On Services es una empresa Mexicana, del ramo de Servicios de Tecnologías de Información, legalmente establecida desde el año 2000 y con una extensa cobertura geográfica en América Latina.

Te invitamos a formar parte de nuestro equipo de trabajo como:







SOPORTE TÉCNICO NIVEL 2







Requisitos:




· Licenciatura o Ingeniería en Sistemas, Computación, Informática o afín.

· Experiencia mínima de 2 años en puesto similar.







Experiencia:




· Conocimientos avanzados de ambiente VMware (instalación, configuración, actualización, creación de VMS, migración de VMS , etc).

· Experiencia en infraestructura (Sistema IDRAC (Sistema de Gestión Remota de Servidores DELL))

· Actualización de Firmwares en equipos del tanto físico como directo de la consola (OME)

· Conocimientos de almacenamiento SAN Y NAS (protocolos) y equipos de almacenamiento UNITY

· Conocimientos en red (switches DELL y Brocade, configuraciones, Zoneo, etc)

· Conocimiento en soporte físico a servidores y storages

· Creación y seguimiento de incidencias y solicitudes directamente con el proveedor

· Conocimiento en instalación de sistemas operativos Windows Server y LINUX




Ofrecemos:

Sueldo $20,000 - $25,000 Brutos mensuales + Vales de despensa

Esquema 100% nominal

Prestaciones de ley

Trabajo presencial. Ciudad Judicial, Zapopan, Jalisco. (a un costado del estadio Akron)




Envía tu Curriculum actualizado al correo descrito, mencionado con tus expectativas económicas y tu disponibilidad para ingresar a laborar y nos pondremos en contacto contigo.




¡Muchas gracias!"
"Data Solutions Architect","La empresa es confidencial o no se encuentra disponible","CDMX","$65,000 - $70,000 Mensual",true,"Tecnologías de la Información - Sistemas","Arquitecto de soluciones","Universitario titulado","Permanente","Tiempo completo","Híbrido","Posición Híbrida en CDMX

Experiencia Requerida

Mínimo 8 años de experiencia profesional en soluciones de datos, arquitectura cloud o ingeniería de datos.

Al menos 3 años diseñando soluciones distribuidas en la nube con foco en disponibilidad, rendimiento y gobernanza.

Experiencia en implementación de arquitecturas de tipo Data Lakehouse y Data Mesh.

Participación comprobada en proyectos con exposición de datos mediante APIs, integración de múltiples fuentes y federación de datos.

Conocimiento profundo de herramientas como Databricks, Azure Synapse, Azure Data Factory, FastAPI y Azure Storage.

Experiencia en ambientes regulados o con necesidades avanzadas de seguridad, trazabilidad y control de acceso.

Deseable experiencia en proyectos con enfoque en data products y domain-driven design.

Responsabilidades Clave

Estrategia y Arquitectura

Definir y evolucionar la arquitectura de datos de la organización, asegurando escalabilidad, resiliencia y alineación estratégica.

Diseñar y guiar la adopción de arquitecturas cloud-native, event-driven y orientadas a productos de datos.

Evaluar nuevas tecnologías, enfoques y marcos de trabajo en función del roadmap de datos y analítica avanzada.

Diseño de Soluciones y Exposición de Datos

Liderar el diseño técnico de productos de datos reutilizables y expuestos como APIs (usando FastAPI, Azure API Management).

Diseñar pipelines y estructuras Lakehouse con Databricks, Delta Lake y Azure Data Lake.

Implementar patrones de integración y federación de datos bajo principios de Data Mesh y dominio distribuido.

Gobierno, Seguridad y Operabilidad

Definir estándares técnicos de versionado, monitoreo, testing automatizado y CI/CD para soluciones de datos.

Asegurar cumplimiento de políticas de gobernanza, privacidad, control de acceso y trazabilidad.

Supervisar la correcta catalogación, documentación y descubrimiento de activos de datos (Unity Catalog, Purview).

Colaboración y Acompañamiento

Actuar como puente entre equipos técnicos, dominios de negocio y stakeholders estratégicos.

Promover el diseño colaborativo, el reuso de componentes y la arquitectura evolutiva.

Brindar soporte técnico a equipos de data engineering, analytics y ciencia de datos.

Competencias de Liderazgo y Soft Skills

Pensamiento Sistémico: Capacidad para diseñar arquitecturas integradas y sostenibles.

Comunicación Interfuncional: Traducir requerimientos técnicos y de negocio de forma clara.

Orientación a la Reutilización: Foco en crear componentes modulares, escalables y compartibles.

Liderazgo Técnico: Influenciar decisiones técnicas en equipos multidisciplinarios.

Gestión de la Complejidad: Resolver problemas técnicos de alto impacto y escala.

Mentalidad de Plataforma y Producto: Diseñar soluciones centradas en experiencia del consumidor de datos.

Curiosidad Tecnológica y Aprendizaje Continuo: Explorar nuevas herramientas y marcos para mantener la arquitectura al día."
"Consultor de Realidad Aumentada","Branchbit","Benito Juárez,, CDMX","Sueldo no mostrado por la empresa",true,"Ingeniería","Innovación y desarrollo","Universitario titulado","Permanente","Tiempo completo","Presencial","Oferta de Trabajo: Consultor de Realidad Aumentada (AR)

Ubicación: Hibrido

Tipo de contrato: Tiempo completo

Experiencia requerida: más de 3 años en proyectos de Realidad Aumentada




En Branchbit, combinamos tecnología, creatividad e innovación para desarrollar experiencias digitales que transforman la forma en que las personas interactúan con el mundo. Estamos en busca de un Consultor de Realidad Aumentada (AR) apasionado por la tecnología inmersiva, con experiencia en el diseño, desarrollo y despliegue de soluciones AR en entornos reales de negocio.




Responsabilidades:

Analizar necesidades del cliente y proponer soluciones basadas en Realidad Aumentada.
Diseñar experiencias interactivas usando plataformas como Unity, Unreal Engine, ARKit, ARCore, o WebAR
Colaborar con equipos de desarrollo, diseño UX/UI y negocio para asegurar la viabilidad técnica y estratégica de los proyectos.
Identificar oportunidades para integrar AR en procesos comerciales, capacitación, marketing o visualización de productos.
Documentar soluciones, generar presentaciones técnicas y apoyar en la elaboración de propuestas.




Requisitos:

Experiencia comprobada en desarrollo o consultoría de proyectos de AR.
Conocimientos en plataformas y frameworks AR (Unity + Vuforia, ARKit, ARCore, 8thWall, etc.).
Capacidad para entender requerimientos técnicos y de negocio.
Buen manejo de herramientas de prototipado y visualización (por ejemplo, Blender, Figma, Sketch).
Conocimiento de lenguajes como C#, JavaScript o Python es un plus.
Habilidades de comunicación clara y efectiva con clientes y equipos multidisciplinarios.
Inglés técnico (lectura y escritura).

Deseable:

Experiencia en integración de AR con IoT, inteligencia artificial o realidad mixta.
Experiencia en aplicaciones móviles o WebXR
Conocimiento en arquitectura de software y patrones de diseño aplicados a soluciones inmersivas.




¿Interesado/a?




Envía tu CV, postúlate directamente a través de esta publicación."
"Ejecutivo Gobierno de datos","TALENTO STARTUP SAPI D...","Santa Fe,, Álvaro Obregón,, CDMX","Sueldo no mostrado por la empresa",true,"Tecnologías de la Información - Sistemas","Ingeniería de datos","Universitario titulado","Permanente","Tiempo completo","Híbrido","Propósito General del rol:

Administrar y facilitar las actividades de Gobierno de datos, analíticos y AI mediante la correcta creación de canales de comunicación en las áreas funcionales, buscar la correcta adopción y participación de los roles que gestionarán los datos analíticos en la compañía, desarrollar en conjunto con las áreas de negocio, tecnología y analíticos las áreas de conocimiento para la correcta gestión de los datos




Responsabilidades:




Presentar los principales hallazgos de Gobierno de datos de las iniciativas analíticas y de inteligencia artificial que sean explotadas en las diferentes plataformas.
Ayudar a comprender las necesidades de información que hay en la compañía con foco en las actividades analíticas y de inteligencia artificial.
Comprender los procesos de negocio para alinear y descubrir los dominios y subdominios de datos en la compañía de las iniciativas analíticas y de inteligencia artificial.
Identificar a los data owner y data stewards de la compañía alineando las iniciativas de datos con las iniciativas analíticas y de inteligencia artificial.
Garantizar en conjunto con data stewards, data owners, expertos funcionales la correcta creación y actualización de los procesos y políticas de datos y dominios de datos en la compañía con foco en las iniciativas y modelos analíticos
Garantizar la correcta creación de los lineamientos de datos para las iniciativas analíticas y de inteligencia artificial
Creación y entendimiento de los procesos de datos en la compañía en las plataformas analíticas y de inteligencia artificial
Promover el uso, adopción y actualización de las herramientas de Gobierno de datos en la compañía.
Alinear con los equipos de Seguridad, Legal, auditoria, Data Owners y Data Stewards las actividades de discovery, catalogación y clasificación de datos de las iniciativas analiticas y de AI







Requisitos:




Titulación de las siguiente carreras o afines: Ingeniería / Licenciatura en Sistemas Computacionales, matermáticas, Actuario
+4 años en áreas o proyectos implementado programas en gobierno de datos en iniciativas analíticas y AI, One Lake, Data Lakes, BUS de datos, Python, LLMs.
Conocimiento en herramientas de Gobierno de Datos: Informatica CDGC, Alation, Big ID, Purview, Unity Catalog
Conocimiento en integración de Datos (SQL, Databricks, Data Factory)"
"Data Access Engineer","La empresa es confidencial o no se encuentra disponible","Santa Fe,, Álvaro Obregón,, CDMX","$55,000 - $65,000 Mensual",true,"Tecnologías de la Información - Sistemas","Ingeniería de datos","Universitario sin titulo","Permanente","Tiempo completo","Híbrido","The Senior Data & Access Engineer is responsible for providing critical support to the Data, Access, and Privacy ecosystem. They will be responsible for driving innovation and operability in an organizations Data Security Platform. The data security engineer will be responsible for analyzing the security, operations, and effectiveness of our Enterprise Data Security & Access platforms and services, discovering and addressing security and availability issues, building automation, and quickly reacting to new business scenarios. This role will have the opportunity to learn from, and be mentored by, those who are building and securing our Enterprise data security, access, and privacy platform.

ACCOUNTABILITIES:

Collaborate with partners to integrate data security platforms into our larger data fabric
Collaborate with partners to develop, deploy, and maintain data access policies
Drive automation and deployment of Data Access through DevSecOps practices
Maintain availability and up-time of the data security platforms
Work with architecture teams to drive improvements in the Data Security Platforms
Provide incident response and support for the Data Security & Access Platforms
Develop standards around data access patterns and controls implemented
Collaborate with cross domain governance teams on data identification, classification and tagging strategy
Coordinate global policy enforcement needed to comply with security guidelines and regulations

DIMENSIONS AND ASPECTS:

Data Security, Access, Classification, and Privacy Platforms

EDUCATION, BEHAVIOURAL COMPETENCIES AND SKILLS: 

Essential Qualifications

BS in Computer Science or related field, or equivalent work experience

Minimum 5 years of experience in a deep technical role using the following essential qualifications.

Programming Skills: Proficiency in languages such as Python for integrations, automations, building and maintaining data pipelines, etc

Database Management: Strong knowledge of SQL and NoSQL databases for managing and querying data.

Big Data Technologies: Familiarity with distributed systems like Databricks as well as cloud platforms especially AWS

Data Modeling and Architecture: Ability to design data schemas and understand data warehousing, ETL processes, real-time streaming, etc

Analytical and Problem-Solving Skills: Capability to perform root cause analysis, etc

Machine Learning and GenAI: Understanding the principles in these areas

Data Security: Knowledge of data security practice, including encryption, anonymization, Data Security Posture Management to protect sensitive information

Data Governance and Compliance: Understanding of data privacy laws and regulations, such as GDPR and HIPAA, and how to implement policies to ensure compliance.

Access Control Mechanisms: Proficiency in implementing role-based access control (RBAC) and attribute based access control (ABAC) to manage data access permissions

Data Discovery and Classification: Ability to use tools for automated data discovery and classification to identify and categorize sensitive data.

Policy Management: Skills in creating and managing data access policies that can be dynamically enforced across different environments.

Monitoring and Auditing: Capability to monitor data access and usage, and perform audits to ensure compliance with data governance policies.

Collaboration and Communication: Strong communication skills to work with data stewards, compliance officers, and other stakeholders to ensure data governance objectives are met.

Microsoft SharePoint, Onedrive, and other Microsoft data estate classification and tagging.

An understanding of the Agile SDLC methodology

Excellent written and verbal communication skills in English

Desirable Qualifications

Experience implementing data security and access solutions in the healthcare and/or pharmaceutical industry

Experience with the Immuta Platform ?

Knowledge of DevSecOps practices

Experience with Identity and Access Management (IAM)

Exposure to data classification and data taxonomy (PII, PHI, etc)

Experience with Databricks Unity Catalog

Experience with Informatica IDMC is a plus

Experience with tokenization and data clean rooms is a big plus

Experience with Kubernetes, AWS EKS is a plus

Experience with Terraform

System Administration skills

Demonstrable teamwork skills and resourcefulness

Possess self-drive to keep moving things forward even in the face of ambiguity and imperfect knowledge

Strong sense of ownership, urgency, and drive"
"Desarrollador de Realidad Aumentada/Virtual (AR/VR)","Together Tecnologías E...","","Sueldo no mostrado por la empresa",true,"Tecnologías de la Información - Sistemas","Desarrollo de software - Programador","Universitario titulado","Permanente","Tiempo completo","Desde casa","Acerca de la empresa




**** Together Tecnologías Especialistas SAS de CV es una empresa líder en el desarrollo de soluciones tecnológicas innovadoras. Con una historia de éxito comprobada en el sector, ofrecemos un ambiente de trabajo dinámico y colaborativo que fomenta la creatividad y el crecimiento profesional. **Ubicación:** Esta vacante se encuentra en México.




Requisitos del puesto




****
Educación mínima requerida: Universitario con título.
Habilidades avanzadas en 3D, Blender y Maya.
Conocimientos en lenguajes de programación como C#, C++, y Shaders (HLSL/GLSL).







Responsabilidades del puesto




****
Crear experiencias inmersivas utilizando Unity y Unreal Engine.
Optimizar aplicaciones para Meta Quest y Apple Vision Pro.
Integrar APIs de ARCore y ARKit.







Prestaciones y beneficios adicionales




****
Oportunidades de desarrollo profesional.
Ambiente de trabajo colaborativo.
Modalidad de trabajo remoto.
Posibilidad de participar en proyectos innovadores y desafiantes."
"Public Relations Specialist","Human Quality","","$1 - $2 Mensual",true,"Servicios generales - Oficios - Seguridad","Otros oficios","","Honorarios,","Tiempo completo","Presencial","About Human Quality:With over 29 years in the market, Human Quality is a leading company in the specialized services sector, offering recruitment, payrolling, headhunting, and a wide range of human resources solutions. We stand out for our core values: love, a solution-oriented mindset, unity, transparency and human connection.Location: Monterrey, Nuevo León. (Non-negotiable)Rol mission:Create a strategy to make the company the go-to expert in human capital. This involves working with the media and actively participating in industry events, associations, key organizations, business chambers and others. Position Requirements:Bachelor's degree in Communications, Public Relations, Marketing or a related field. Solid experience in corporate public relations, business chamber engagement and/or collaboration with organizations focused on business development. Previous participation in new business development. Experience representing companies before government authorities, business chambers, and public forums. Availability to attend in-person external events and travel as needed. Advanced English is a must. Key Responsibilities:Designs and implements external communication plans to enhance the visibility of the services offered by Human Quality's various business units, positioning the company as an industry leader and a strategic partner for clients in human capital matters. Builds and strengthens relationships with key stakeholders and influential figures within the target sectors of our business. Serves as the main liaison with media outlets, business chambers, and government entities, acting as the spokesperson on matters related to the organization. Prepares internal leaders and executives for interviews, speaking engagements and public events, ensuring that key messages and speeches consistently reflect the brand's identity and promise."